{"name":"ONE SMS","short_name":"ONE SMS","description":"Numéros virtuels pour vérification SMS - Service rapide et sécurisé","start_url":"/","display":"standalone","background_color":"#0F172A","theme_color":"#3B82F6","orientation":"portrait-primary","scope":"/","lang":"fr","categories":["utilities","business"],"icons":[{"src":"/icons/icon-72x72.png","sizes":"72x72","type":"image/png","purpose":"maskable any"},{"src":"/icons/icon-96x96.png","sizes":"96x96","type":"image/png","purpose":"maskable any"},{"src":"/icons/icon-128x128.png","sizes":"128x128","type":"image/png","purpose":"maskable any"},{"src":"/icons/icon-144x144.png","sizes":"144x144","type":"image/png","purpose":"maskable any"},{"src":"/icons/icon-152x152.png","sizes":"152x152","type":"image/png","purpose":"maskable any"},{"src":"/icons/icon-192x192.png","sizes":"192x192","type":"image/png","purpose":"maskable any"},{"src":"/icons/icon-384x384.png","sizes":"384x384","type":"image/png","purpose":"maskable any"},{"src":"/icons/icon-512x512.png","sizes":"512x512","type":"image/png","purpose":"maskable any"}],"screenshots":[{"src":"/screenshots/home.png","sizes":"1080x1920","type":"image/png","form_factor":"narrow","label":"Page d'accueil ONE SMS"},{"src":"/screenshots/services.png","sizes":"1080x1920","type":"image/png","form_factor":"narrow","label":"Liste des services disponibles"}],"shortcuts":[{"name":"Acheter un numéro","short_name":"Acheter","description":"Acheter un numéro virtuel rapidement","url":"/services","icons":[{"src":"/icons/shortcut-buy.png","sizes":"96x96"}]},{"name":"Mes activations","short_name":"Activations","description":"Voir mes numéros actifs","url":"/activations","icons":[{"src":"/icons/shortcut-activations.png","sizes":"96x96"}]}],"related_applications":[{"platform":"play","url":"https://play.google.com/store/apps/details?id=com.onesms.app","id":"com.onesms.app"}],"prefer_related_applications":false}